game_name,image_url,provider
FORTUNE DRAGON,https://ik.imagekit.io/ng5jlps9b/FORTUNE%20DRAGON?updatedAt=1764178916252,PG
FORTUNE TIGER,https://ik.imagekit.io/ng5jlps9b/FORTUNE%20TIGER%20?updatedAt=1764199987076,PG
WILD BOUNTY SHOWDOWN,https://ik.imagekit.io/ng5jlps9b/WILD%20BOUNTY%20SHOWDOWN?updatedAt=1764204026698,PG
BIKINI PARADISE,https://ik.imagekit.io/ng5jlps9b/BIKINI%20PARADISE?updatedAt=1764204026757,PG
DRAGON HATCH,https://ik.imagekit.io/ng5jlps9b/DRAGON%20HATCH?updatedAt=1764204026749,PG
FORTUNE MOUSE,https://ik.imagekit.io/ng5jlps9b/FORTUNE%20MOUSE?updatedAt=1764204026745,PG
SUPERMARKET SPREE,https://ik.imagekit.io/ng5jlps9b/SUPERMARKET%20SPREE?updatedAt=1764204026772,PG
THE GREAT ICESCAPE,https://ik.imagekit.io/ng5jlps9b/THE%20GREAT%20ICESCAPE?updatedAt=1764204026784,PG
FORTUNE OX,https://ik.imagekit.io/ng5jlps9b/FORTUNE%20OX?updatedAt=1764204026798,PG
WILD BANDITO,https://ik.imagekit.io/ng5jlps9b/WILD%20BANDITO?updatedAt=1764204026792,PG
DRAGON TIGER LUCK,https://ik.imagekit.io/ng5jlps9b/DRAGON%20TIGER%20LUCK?updatedAt=1764204026806,PG
MIDAS FORTUNE,https://ik.imagekit.io/ng5jlps9b/MIDAS%20FORTUNE?updatedAt=1764204026827,PG
GANESHA GOLD,https://ik.imagekit.io/ng5jlps9b/GANESHA%20GOLD?updatedAt=1764204026834,PG
JUNGLE DELIGHT,https://ik.imagekit.io/ng5jlps9b/JUNGLE%20DELIGHT?updatedAt=1764204026847,PG
DOUBLE FORTUNE,https://ik.imagekit.io/ng5jlps9b/DOUBLE%20FORTUNE?updatedAt=1764204027333,PG
CIRCUS DELIGHT,https://ik.imagekit.io/ng5jlps9b/CIRCUS%20DELIGHT?updatedAt=1764204615919,PG
COCKTAIL NIGHTS,https://ik.imagekit.io/ng5jlps9b/COCKTAIL%20NIGHTS?updatedAt=1764204615977,PG
GENIE'S 3 WISHES,https://ik.imagekit.io/ng5jlps9b/GENIE'S%203%20WISHES?updatedAt=1764204616112,PG
GANESHA FORTUNE,https://ik.imagekit.io/ng5jlps9b/GANESHA%20FORTUNE?updatedAt=1764204616128,PG
PIGGY GOLD,https://ik.imagekit.io/ng5jlps9b/PIGGY%20GOLD?updatedAt=1764204616123,PG
LUKCY PIGGY,https://ik.imagekit.io/ng5jlps9b/LUKCY%20PIGGY?updatedAt=1764204616164,PG
PINATA WINS,https://ik.imagekit.io/ng5jlps9b/PINATA%20WINS%20?updatedAt=1764204616172,PG
LUCKY NEKO,https://ik.imagekit.io/ng5jlps9b/LUCKY%20NEKO?updatedAt=1764204616882,PG
RISE OF THE SUN GOD,https://ik.imagekit.io/ng5jlps9b/RISE%20OF%20THE%20SUN%20GOD%20?updatedAt=1764204617208,PG
CAPTAIN'S BOUNTY,https://ik.imagekit.io/ng5jlps9b/CAPTAIN'S%20BOUNTY%20?updatedAt=1764204617285,PG
PHOENIX RISES,https://ik.imagekit.io/ng5jlps9b/PHOENIX%20RISES%20?updatedAt=1764204617279,PG
MUAY THAI CHAMPION,https://ik.imagekit.io/ng5jlps9b/MUAY%20THAI%20CHAMPION%20?updatedAt=1764204617290,PG
WAYS OF THE QILIN,https://ik.imagekit.io/ng5jlps9b/WAYS%20OF%20THE%20QILIN%20?updatedAt=1764204617302,PG
TREASURES OF AZTEC,https://ik.imagekit.io/ng5jlps9b/TREASURES%20OF%20AZTEC%20?updatedAt=1764204617300,PG
SHAOLIN SOCCER,https://ik.imagekit.io/ng5jlps9b/SHAOLIN%20SOCCER%20?updatedAt=1764204617329,PG
PROSPERITY FORTUNE TREE,https://ik.imagekit.io/ng5jlps9b/PROSPERITY%20FORTUNE%20TREE?updatedAt=1764204617322,PG
SONGKRAN SPLASH,https://ik.imagekit.io/ng5jlps9b/SONGKRAN%20SPLASH%20?updatedAt=1764204617326,PG
CAI SHEN WINS,https://ik.imagekit.io/ng5jlps9b/CAI%20SHEN%20WINS%20?updatedAt=1764204864693,PG
MAHJONG WAYS 2,https://ik.imagekit.io/ng5jlps9b/MAHJONG%20WAYS%202?updatedAt=1764204864764,PG
CASH MANIA,https://ik.imagekit.io/ng5jlps9b/CASH%20MANIA%20?updatedAt=1764204864877,PG
SPEED WINNER,https://ik.imagekit.io/ng5jlps9b/SPEED%20WINNER%20?updatedAt=1764204864885,PG
ROOSTER RUMBLE,https://ik.imagekit.io/ng5jlps9b/ROOSTER%20RUMBLE%20?updatedAt=1764204864885,PG
DREAMS OF MACAU,https://ik.imagekit.io/ng5jlps9b/DREAMS%20OF%20MACAU%20?updatedAt=1764204864888,PG
QUEEN OF BOUNTY,https://ik.imagekit.io/ng5jlps9b/QUEEN%20OF%20BOUNTY?updatedAt=1764204864895,PG
GUARDIANS OF ICE & FIRE,https://ik.imagekit.io/ng5jlps9b/GUARDIANS%20OF%20ICE%20&%20FIRE%20?updatedAt=1764204864897,PG
JURASSIC KINGDOM,https://ik.imagekit.io/ng5jlps9b/JURASSIC%20KINGDOM,PG
DINER DELIGHTS,https://ik.imagekit.io/ng5jlps9b/DINER%20DELIGHTS,PG
DRAGON HATCH 2,https://ik.imagekit.io/ng5jlps9b/DRAGON%20HATCH%202,PG
HEIST STAKES,https://ik.imagekit.io/ng5jlps9b/HEIST%20STAKES,PG
DESTINY OF SUN & MOON,https://ik.imagekit.io/ng5jlps9b/DESTINY%20OF%20SUN%20&%20MOON,PG
BUTTERFLY BLOSSOM,https://ik.imagekit.io/ng5jlps9b/BUTTERFLY%20BLOSSOM,PG
LEGEND OF PERSEUS,https://ik.imagekit.io/ng5jlps9b/LEGEND%20OF%20PERSEUS,PG
TREE OF FORTUNE,https://ik.imagekit.io/ng5jlps9b/TREE%20OF%20FORTUNE,PG
WILD APE _3258,https://ik.imagekit.io/ng5jlps9b/WILD%20APE%20_3258,PG
CRYPTO GOLD ,https://ik.imagekit.io/ng5jlps9b/CRYPTO%20GOLD,PG
BAKERY BONANZA ,https://ik.imagekit.io/ng5jlps9b/BAKERY%20BONANZA,PG
RAVE PARTY FEVER ,https://ik.imagekit.io/ng5jlps9b/RAVE%20PARTY%20FEVER,PG
MAHJONG WAYS ,https://ik.imagekit.io/ng5jlps9b/MAHJONG%20WAYS,PG
WIN WIN WON ,https://ik.imagekit.io/ng5jlps9b/WIN%20WIN%20WON,PG
MERMAID RICHES,https://ik.imagekit.io/ng5jlps9b/MERMAID%20RICHES,PG
THE QUEEN'S BANQUET ,https://ik.imagekit.io/ng5jlps9b/THE%20QUEEN'S%20BANQUET,PG
ALCHEMY GOLD ,https://ik.imagekit.io/ng5jlps9b/ALCHEMY%20GOLD%20?updatedAt=1764295314100,PG
ASGARDIAN RISING,https://ik.imagekit.io/ng5jlps9b/ASGARDIAN%20RISING,PG
LEPRECHAUN RICHES ,https://ik.imagekit.io/ng5jlps9b/LEPRECHAUN%20RICHES,PG
EGYPT'S BOOK OF MYSTERY ,https://ik.imagekit.io/ng5jlps9b/EGYPT'S%20BOOK%20OF%20MYSTERY,PG
BUFFALO WIN ,https://ik.imagekit.io/ng5jlps9b/BUFFALO%20WIN,PG
CANDY BONANZA ,https://ik.imagekit.io/ng5jlps9b/CANDY%20BONANZA,PG
RAIDER JANE'S CRYPT OF FORTUNE ,https://ik.imagekit.io/ng5jlps9b/RAIDER%20JANE'S%20CRYPT%20OF%20FORTUNE,PG
JOURNEY TO THE WEALTH ,https://ik.imagekit.io/ng5jlps9b/JOURNEY%20TO%20THE%20WEALTH,PG
THAI RIVER WONDERS ,https://ik.imagekit.io/ng5jlps9b/THAI%20RIVER%20WONDERS,PG
FORTUNE SNAKE ,https://ik.imagekit.io/ng5jlps9b/FORTUNE%20SNAKE,PG
MAJESTIC TREASURES ,https://ik.imagekit.io/ng5jlps9b/MAJESTIC%20TREASURES,PG
FORTUNE GODS ,https://ik.imagekit.io/ng5jlps9b/FORTUNE%20GODS,PG
WILD COASTER ,https://ik.imagekit.io/ng5jlps9b/WILD%20COASTER,PG
MAFIA MAYHEM ,https://ik.imagekit.io/ng5jlps9b/MAFIA%20MAYHEM,PG
SUPER GOLF DRIVE ,https://ik.imagekit.io/ng5jlps9b/SUPER%20GOLF%20DRIVE,PG
GARUDA GEMS ,https://ik.imagekit.io/ng5jlps9b/GARUDA%20GEMS,PG
SECRETS OF CLEOPATRA ,https://ik.imagekit.io/ng5jlps9b/SECRETS%20OF%20CLEOPATRA,PG
BATTLEGROUND ROYALE ,https://ik.imagekit.io/ng5jlps9b/BATTLEGROUND%20ROYALE,PG
HIP HOP PANDA ,https://ik.imagekit.io/ng5jlps9b/HIP%20HOP%20PANDA,PG
MYSTICAL SPIRITS,https://ik.imagekit.io/ng5jlps9b/MYSTICAL%20SPIRITS,PG
WILD FIREWORKS ,https://ik.imagekit.io/ng5jlps9b/WILD%20FIREWORKS,PG
EMPEROR'S FAVOUR ,https://ik.imagekit.io/ng5jlps9b/EMPEROR'S%20FAVOUR,PG